"Type","File","SourceLineStart","SourceSIBKPT1","SourceSIBKPT2","SourceSOBKPT1","SourceSOBKPT2","StepMidLineStart","StepInBKPT1","StepInBKPT2","StepOutBKPT1","StepOutBKPT2","InstBlockStart","InstBlockEnd","VarPrim","Size","Cname/LinkFile","ShowName","Offset","Source","Types","Element","SUBase"
"global","","","","","","","","","1","","","","","268435459","1","RAM0","RAM0","","","1","1","-1"
"global","","","","","","","","","1","","","","","268435459","1","RAM1","RAM1","","","1","1","-1"
"global","","","","","","","","","1","","","","","268435459","1","FILTER_GAINNUM","FILTER_GAINNUM","","","1","1","-1"
"global","","","","","","","","","1","","","","","268435459","1","FLASHADDRH","FLASHADDRH","","","1","1","-1"
"global","","","","","","","","","1","","","","","268435459","1","FLASHADDRL","FLASHADDRL","","","1","1","-1"
"global","","","","","","","","","1","","","","","268435459","1","ROMNUMMAX","ROMNUMMAX","","","1","1","-1"
"global","","","","","","","","","1","","","","","268435459","1","SPINUMMAX","SPINUMMAX","","","1","1","-1"
"global","","","","","","","","","1","","","","","268435459","1","SENTENCENUMMAX","SENTENCENUMMAX","","","1","1","-1"
"global","","","","","","","","","1","","","","","268435459","1","SPIORROMFLAG","SPIORROMFLAG","","","1","1","-1"
"global","","","","","","","","","1","","","","","268435459","1","SLEEPSTATUS","SLEEPSTATUS","","","1","1","-1"
"global","","","","","","","","","1","","","","","268435459","1","SBB3VOLUM","SBB3VOLUM","","","1","1","-1"
"global","","","","","","","","","1","","","","","268435459","1","SBB3_FLAG","SBB3_FLAG","","","1","1","-1"
"global","","","","","","","","","1","","","","","268435459","1","SBB3_STEP","SBB3_STEP","","","1","1","-1"
"global","","","","","","","","","1","","","","","268435459","1","SBB3_NUM","SBB3_NUM","","","1","1","-1"
"global","","","","","","","","","1","","","","","268435459","1","PCMVOLUM","PCMVOLUM","","","1","1","-1"
"global","","","","","","","","","1","","","","","268435459","1","PCM_FLAG","PCM_FLAG","","","1","1","-1"
"global","","","","","","","","","1","","","","","268435459","1","PCM_STEP","PCM_STEP","","","1","1","-1"
"global","","","","","","","","","1","","","","","268435459","1","PCM_NUM","PCM_NUM","","","1","1","-1"
"global","","","","","","","","","1","","","","","268435459","1","KEYTIME","KEYTIME","","","1","1","-1"
"global","","","","","","","","","1","","","","","268435459","1","KEYNEW","KEYNEW","","","1","1","-1"
"global","","","","","","","","","1","","","","","268435459","1","KEYOLD","KEYOLD","","","1","1","-1"
"global","","","","","","","","","1","","","","","268435459","1","KEYNUM","KEYNUM","","","1","1","-1"
"global","","","","","","","","","1","","","","","268435459","1","KEYFLAG","KEYFLAG","","","1","1","-1"
"global","","","","","","","","","1","","","","","268435459","1","HALTTIME","HALTTIME","","","1","1","-1"
"global","","","","","","","","","1","","","","","268435459","1","SENTENCENUM","SENTENCENUM","","","1","1","-1"
"global","","","","","","","","","1","","","","","268435459","1","SENTENCELOOP","SENTENCELOOP","","","1","1","-1"
"global","","","","","","","","","1","","","","","268435459","1","PAUSEFLAG","PAUSEFLAG","","","1","1","-1"
"global","","","","","","","","","1","","","","","268435459","1","MUTEFLAG","MUTEFLAG","","","1","1","-1"
"global","","","","","","","","","1","","","","","268435459","1","SENTENCE_FLAG","SENTENCE_FLAG","","","1","1","-1"
"global","","","","","","","","","1","","","","","268435459","1","SENTENCE_PT","SENTENCE_PT","","","1","1","-1"
"global","","","","","","","","","1","","","","","268435459","1","SENTENCE_TIME","SENTENCE_TIME","","","1","1","-1"
"global","","","","","","","","","1","","","","","268435459","1","SENTENCE_LOOP","SENTENCE_LOOP","","","1","1","-1"
"global","","","","","","","","","1","","","","","268435459","1","SENTENCELOOP_PT","SENTENCELOOP_PT","","","1","1","-1"
"global","","","","","","","","","1","","","","","268435459","1","RECIROK","RECIROK","","","1","1","-1"
"global","","","","","","","","","1","","","","","268435459","1","RECCODE","RECCODE","","","1","1","-1"
"global","","","","","","","","","1","","","","","268435459","1","RECIRFLAG","RECIRFLAG","","","1","1","-1"
"global","","","","","","","","","1","","","","","268435459","1","RECIRTIME","RECIRTIME","","","1","1","-1"
"global","","","[64]","","","","","","1","","","","","268435459","1","STACKBUFFER","STACKBUFFER","","","2","64","-1"
"global","","","[8]","","","","","","1","","","","","268435459","1","SBB3_USEBUF","SBB3_USEBUF","","","2","8","-1"
"global","","","[512]","","","","","","1","","","","","268435459","1","SBB3BUF","SBB3BUF","","","2","512","-1"
"global","","","[256]","","","","","","1","","","","","268435459","1","SBB3FLASHBUF","SBB3FLASHBUF","","","2","256","-1"
"global","","","","","","","","","1","","","","","268435459","1","SBB3_CHZ0DECV01@IX1_BACK","SBB3_CHZ0DECV01@IX1_BACK","","","1","1","-1"
"global","","","","","","","","","1","","","","","268435459","1","SBB3_CHZ0DECV01@SLEN","SBB3_CHZ0DECV01@SLEN","","","1","1","-1"
"global","","","","","","","","","1","","","","","268435459","1","SBB3_CHZ0DECV01@SCF_PTR","SBB3_CHZ0DECV01@SCF_PTR","","","1","1","-1"
"global","","","","","","","","","1","","","","","268435459","1","SBB3_CHZ0DECV01@NOW_BLOCKTYPE","SBB3_CHZ0DECV01@NOW_BLOCKTYPE","","","1","1","-1"
"global","","","","","","","","","1","","","","","268435459","1","SBB3_CHZ0DECV01@HFFQ_BARRIER","SBB3_CHZ0DECV01@HFFQ_BARRIER","","","1","1","-1"
"global","","","","","","","","","1","","","","","268435459","1","SBB3_CHZ0DECV01@HFFQ_XRPNT","SBB3_CHZ0DECV01@HFFQ_XRPNT","","","1","1","-1"
"global","","","","","","","","","1","","","","","268435459","1","SBB3_CHZ0DECV01@HFFQ_CBX","SBB3_CHZ0DECV01@HFFQ_CBX","","","1","1","-1"
"global","","","","","","","","","1","","","","","268435459","1","SBB3_CHZ0DECV01@NOW_PREFLAG_ADR","SBB3_CHZ0DECV01@NOW_PREFLAG_ADR","","","1","1","-1"
"global","","","","","","","","","1","","","","","268435459","1","SBB3_CHZ0DECV01@NOW_SCALEFAC_SCALE","SBB3_CHZ0DECV01@NOW_SCALEFAC_SCALE","","","1","1","-1"
"global","","","","","","","","","1","","","","","268435459","1","SBB3_CHZ0DECV01@REGION1START","SBB3_CHZ0DECV01@REGION1START","","","1","1","-1"
"global","","","","","","","","","1","","","","","268435459","1","SBB3_CHZ0DECV01@REGION2START","SBB3_CHZ0DECV01@REGION2START","","","1","1","-1"
"global","","","","","","","","","1","","","","","268435459","1","SBB3_CHZ0DECV01@HFFQ_L3","SBB3_CHZ0DECV01@HFFQ_L3","","","1","1","-1"
"global","","","","","","","","","1","","","","","268435459","1","SBB3_CHZ0DECV01@HFFQ_L0","SBB3_CHZ0DECV01@HFFQ_L0","","","1","1","-1"
"global","","","","","","","","","1","","","","","268435459","1","SBB3_CHZ0DECV01@HFFQ_L1","SBB3_CHZ0DECV01@HFFQ_L1","","","1","1","-1"
"global","","","","","","","","","1","","","","","268435459","1","SBB3_CHZ0DECV01@HFFQ_L2","SBB3_CHZ0DECV01@HFFQ_L2","","","1","1","-1"
"global","","","","","","","","","1","","","","","268435459","1","SBB3_CHZ0DECV01@HUF_ADR","SBB3_CHZ0DECV01@HUF_ADR","","","1","1","-1"
"global","","","","","","","","","1","","","","","268435459","1","SBB3_CHZ0DECV01@BIG_VALUES","SBB3_CHZ0DECV01@BIG_VALUES","","","1","1","-1"
"global","","","","","","","","","1","","","","","268435459","1","SBB3_CHZ0DECV01@MYPOW2GAIN","SBB3_CHZ0DECV01@MYPOW2GAIN","","","1","1","-1"
"global","","","","","","","","","1","","","","","268435459","1","SBB3_CHZ0DECV01@SCALEFAC_CMP","SBB3_CHZ0DECV01@SCALEFAC_CMP","","","1","1","-1"
"global","","","","","","","","","1","","","","","268435459","1","SBB3_CHZ0DECV01@MIX_BK_TYPE","SBB3_CHZ0DECV01@MIX_BK_TYPE","","","1","1","-1"
"global","","","","","","","","","1","","","","","268435459","1","SBB3_CHZ0DECV01@TABLE_SEL0","SBB3_CHZ0DECV01@TABLE_SEL0","","","1","1","-1"
"global","","","","","","","","","1","","","","","268435459","1","SBB3_CHZ0DECV01@TABLE_SEL1","SBB3_CHZ0DECV01@TABLE_SEL1","","","1","1","-1"
"global","","","","","","","","","1","","","","","268435459","1","SBB3_CHZ0DECV01@TABLE_SEL2","SBB3_CHZ0DECV01@TABLE_SEL2","","","1","1","-1"
"global","","","","","","","","","1","","","","","268435459","1","SBB3_CHZ0DECV01@MYFULL_GAIN0","SBB3_CHZ0DECV01@MYFULL_GAIN0","","","1","1","-1"
"global","","","","","","","","","1","","","","","268435459","1","SBB3_CHZ0DECV01@MYFULL_GAIN1","SBB3_CHZ0DECV01@MYFULL_GAIN1","","","1","1","-1"
"global","","","","","","","","","1","","","","","268435459","1","SBB3_CHZ0DECV01@MYFULL_GAIN2","SBB3_CHZ0DECV01@MYFULL_GAIN2","","","1","1","-1"
"global","","","","","","","","","1","","","","","268435459","1","SBB3_CHZ0DECV01@SI_MISC","SBB3_CHZ0DECV01@SI_MISC","","","1","1","-1"
"global","","","","","","","","","1","","","","","268435459","1","SBB3_CHZ0DECV01@BANDL","SBB3_CHZ0DECV01@BANDL","","","1","1","-1"
"global","","","","","","","","","1","","","","","268435459","1","SBB3_CHZ0DECV01@NOISE","SBB3_CHZ0DECV01@NOISE","","","1","1","-1"
"global","","","","","","","","","1","","","","","268435459","1","SBB3_CHZ0DECV01@BANDX","SBB3_CHZ0DECV01@BANDX","","","1","1","-1"
"global","","","","","","","","","1","","","","","268435459","1","SBB3_CHZ0DECV01@GAIN2","SBB3_CHZ0DECV01@GAIN2","","","1","1","-1"
"global","","","","","","","","","1","","","","","268435459","1","SBB3_CHZ0DECV01@DIVX","SBB3_CHZ0DECV01@DIVX","","","1","1","-1"
"global","","","","","","","","","1","","","","","268435459","1","SBB3_CHZ0DECV01@OFT_PTR","SBB3_CHZ0DECV01@OFT_PTR","","","1","1","-1"
"global","","","","","","","","","1","","","","","268435459","1","SBB3_CHZ0DECV01@CH0SW16_FLAG","SBB3_CHZ0DECV01@CH0SW16_FLAG","","","1","1","-1"
"global","","","","","","","","","1","","","","","268435459","1","SBB3_CHZ0DECV01@FIX16_FLAG","SBB3_CHZ0DECV01@FIX16_FLAG","","","1","1","-1"
"global","","","","","","","","","1","","","","","268435459","1","SBB3_CHZ0DECV01@FIX16_FLAG1","SBB3_CHZ0DECV01@FIX16_FLAG1","","","1","1","-1"
"global","","","","","","","","","1","","","","","268435459","1","SBB3_CHZ0DECV01@PCMPHASE_FLAG","SBB3_CHZ0DECV01@PCMPHASE_FLAG","","","1","1","-1"
"global","","","","","","","","","1","","","","","268435459","1","SBB3_CHZ0DECV01@SUBBAND2_PLAYF","SBB3_CHZ0DECV01@SUBBAND2_PLAYF","","","1","1","-1"
"global","","","","","","","","","1","","","","","268435459","1","SBB3_CHZ0DECV01@TMP_VAL","SBB3_CHZ0DECV01@TMP_VAL","","","1","1","-1"
"global","","","","","","","","","1","","","","","268435459","1","FRAMENUM","FRAMENUM","","","1","1","-1"
"global","","","","","","","","","1","","","","","268435459","1","SBB3_CHZ0DECV01@DECFRAME","SBB3_CHZ0DECV01@DECFRAME","","","1","1","-1"
"global","","","","","","","","","1","","","","","268435459","1","SBB3_CHZ0DECV01@T3Z","SBB3_CHZ0DECV01@T3Z","","","1","1","-1"
"global","","","","","","","","","1","","","","","268435459","1","SBB3_CHZ0DECV01@STOP","SBB3_CHZ0DECV01@STOP","","","1","1","-1"
"global","","","","","","","","","1","","","","","268435459","1","SBB3_CHZ0DECV01@SELFCHZ0_AVNUM","SBB3_CHZ0DECV01@SELFCHZ0_AVNUM","","","1","1","-1"
"global","","","","","","","","","1","","","","","268435459","1","SBB3_CHZ0DECV01@SELFCHZ0_BUF0","SBB3_CHZ0DECV01@SELFCHZ0_BUF0","","","1","1","-1"
"global","","","","","","","","","1","","","","","268435459","1","SBB3_CHZ0DECV01@SELFCHZ0_BUF1","SBB3_CHZ0DECV01@SELFCHZ0_BUF1","","","1","1","-1"
"global","","","[12]","","","","","","1","","","","","268435459","1","SBB3_CHZ0DECV01@SCF_BUF_PTR","SBB3_CHZ0DECV01@SCF_BUF_PTR","","","2","12","-1"
"global","","","[27]","","","","","","1","","","","","268435459","1","SBB3_CHZ0DECV01@SCF_BUF_PTRX","SBB3_CHZ0DECV01@SCF_BUF_PTRX","","","2","27","-1"
"global","","","[36]","","","","","","1","","","","","268435459","1","SBB3_CHZ0DECV01@DCT36_NXK","SBB3_CHZ0DECV01@DCT36_NXK","","","2","36","-1"
"global","","","[576]","","","","","","1","","","","","268435459","1","SBB3_CHZ0DECV01@DSXCH0","SBB3_CHZ0DECV01@DSXCH0","","","2","576","-1"
"global","","","[576]","","","","","","1","","","","","268435459","1","SBB3_CHZ0DECV01@HFFCH0_XRPNT","SBB3_CHZ0DECV01@HFFCH0_XRPNT","","","2","576","-1"
"global","","","[272]","","","","","","1","","","","","268435459","1","SBB3_CHZ0DECV01@CH0XV0","SBB3_CHZ0DECV01@CH0XV0","","","2","272","-1"
"global","","","[272]","","","","","","1","","","","","268435459","1","SBB3_CHZ0DECV01@CH0XV1","SBB3_CHZ0DECV01@CH0XV1","","","2","272","-1"
"global","","","","","","","","","1","","","","","268435459","1","SBB3_CHZ0DECV01@PCMX_PTR","SBB3_CHZ0DECV01@PCMX_PTR","","","1","1","-1"
"global","","","","","","","","","1","","","","","268435459","1","SBB3_CHZ0DECV01@RNDCNT","SBB3_CHZ0DECV01@RNDCNT","","","1","1","-1"
"global","","","","","","","","","1","","","","","268435459","1","SBB3_CHZ0DECV01@FXPXR1","SBB3_CHZ0DECV01@FXPXR1","","","1","1","-1"
"global","","","","","","","","","1","","","","","268435459","1","SBB3_CHZ0DECV01@FXPXR2","SBB3_CHZ0DECV01@FXPXR2","","","1","1","-1"
"global","","","","","","","","","1","","","","","268435459","1","SBB3_CHZ0DECV01@AANTI_TMP","SBB3_CHZ0DECV01@AANTI_TMP","","","1","1","-1"
"global","","","","","","","","","1","","","","","268435459","1","SBB3_CHZ0DECV01@DCT36INX","SBB3_CHZ0DECV01@DCT36INX","","","1","1","-1"
"global","","","","","","","","","1","","","","","268435459","1","SBB3_CHZ0DECV01@SBX_ADR","SBB3_CHZ0DECV01@SBX_ADR","","","1","1","-1"
"global","","","","","","","","","1","","","","","268435459","1","SBB3_CHZ0DECV01@PHASE_Y2","SBB3_CHZ0DECV01@PHASE_Y2","","","1","1","-1"
"global","","","","","","","","","1","","","","","268435459","1","SBB3_CHZ0DECV01@PHASE_XA","SBB3_CHZ0DECV01@PHASE_XA","","","1","1","-1"
"global","","","","","","","","","1","","","","","268435459","1","SBB3_CHZ0DECV01@SBB3_STEP","SBB3_CHZ0DECV01@SBB3_STEP","","","1","1","-1"
"global","","","","","","","","","1","","","","","268435459","1","SBB3_CHZ0DECV01@DSXCH0_ADR","SBB3_CHZ0DECV01@DSXCH0_ADR","","","1","1","-1"
"global","","","","","","","","","1","","","","","268435459","1","SBB3_CHZ0DECV01@DSXCH1_ADR","SBB3_CHZ0DECV01@DSXCH1_ADR","","","1","1","-1"
"global","","","","","","","","","1","","","","","268435459","1","SBB3_CHZ0DECV01@DCT36NXK_IX","SBB3_CHZ0DECV01@DCT36NXK_IX","","","1","1","-1"
"global","","","","","","","","","1","","","","","268435459","1","SBB3_CHZ0DECV01@MDCTDLY_IX","SBB3_CHZ0DECV01@MDCTDLY_IX","","","1","1","-1"
"global","","","","","","","","","1","","","","","268435459","1","SBB3_CHZ0DECV01@COEFF12","SBB3_CHZ0DECV01@COEFF12","","","1","1","-1"
"global","","","","","","","","","1","","","","","268435459","1","SBB3_CHZ0DECV01@TKENDCT12_YY","SBB3_CHZ0DECV01@TKENDCT12_YY","","","1","1","-1"
"global","","","","","","","","","1","","","","","268435459","1","SBB3_CHZ0DECV01@TKENDCT12_YY1","SBB3_CHZ0DECV01@TKENDCT12_YY1","","","1","1","-1"
"global","","","","","","","","","1","","","","","33554496","1","RSTB_ENTRY","RSTB_ENTRY","","","1","1","-1"
"global","","","","","","","","","1","","","","","33554496","1","WAKEUP_ENTRY","WAKEUP_ENTRY","","","1","1","-1"
"global","","","","","","","","","1","","","","","33554496","1","SYS_PROG_ENTRY","SYS_PROG_ENTRY","","","1","1","-1"
"global","","","","","","","","","1","","","","","33554496","1","WAKEUP_PROC","WAKEUP_PROC","","","1","1","-1"
"global","","","","","","","","","1","","","","","33554496","1","WAKEUP_PROC_OK","WAKEUP_PROC_OK","","","1","1","-1"
"global","","","","","","","","","1","","","","","33554496","1","MAIN_LOOP","MAIN_LOOP","","","1","1","-1"
"global","","","","","","","","","1","","","","","33554496","1","MAIN_LOOP_HALT","MAIN_LOOP_HALT","","","1","1","-1"
"global","","","","","","","","","1","","","","","33554496","1","MAIN_LOOP_PLAY","MAIN_LOOP_PLAY","","","1","1","-1"
"global","","","","","","","","","1","","","","","33554496","1","SYSRELIABILITYCHK","SYSRELIABILITYCHK","","","1","1","-1"
"global","","","","","","","","","1","","","","","33554496","1","POWER_ON_INIT","POWER_ON_INIT","","","1","1","-1"
"global","","","","","","","","","1","","","","","33554496","1","POWERONDELAY","POWERONDELAY","","","1","1","-1"
"global","","","","","","","","","1","","","","","33554496","1","POWERONDELAY_LOOP","POWERONDELAY_LOOP","","","1","1","-1"
"global","","","","","","","","","1","","","","","33554496","1","SETUP_IO","SETUP_IO","","","1","1","-1"
"global","","","","","","","","","1","","","","","33554496","1","RAM_CLEAR","RAM_CLEAR","","","1","1","-1"
"global","","","","","","","","","1","","","","","33554496","1","CLR_RM","CLR_RM","","","1","1","-1"
"global","","","","","","","","","1","","","","","33554496","1","SETUP_TIMER","SETUP_TIMER","","","1","1","-1"
"global","","","","","","","","","1","","","","","33554496","1","ON_PWMORDAC","ON_PWMORDAC","","","1","1","-1"
"global","","","","","","","","","1","","","","","33554496","1","SETUP_OTHER","SETUP_OTHER","","","1","1","-1"
"global","","","","","","","","","1","","","","","33554496","1","OFF_PWMORDAC","OFF_PWMORDAC","","","1","1","-1"
"global","","","","","","","","","1","","","","","33554496","1","COPYPROM_TO_SRAM","COPYPROM_TO_SRAM","","","1","1","-1"
"global","","","","","","","","","1","","","","","33554496","1","COPYPROM_TO_SRAM_LOOP","COPYPROM_TO_SRAM_LOOP","","","1","1","-1"
"global","","","","","","","","","1","","","","","33554496","1","SETUP_INT","SETUP_INT","","","1","1","-1"
"global","","","","","","","","","1","","","","","33554496","1","SETUP_INT_LP","SETUP_INT_LP","","","1","1","-1"
"global","","","","","","","","","1","","","","","33554496","1","SETUP_ADDRTAB","SETUP_ADDRTAB","","","1","1","-1"
"global","","","","","","","","","1","","","","","33554496","1","KEY_TASK","KEY_TASK","","","1","1","-1"
"global","","","","","","","","","1","","","","","33554496","1","SCAN_KEY_END","SCAN_KEY_END","","","1","1","-1"
"global","","","","","","","","","1","","","","","33554496","1","KEYDSP_TIME","KEYDSP_TIME","","","1","1","-1"
"global","","","","","","","","","1","","","","","33554496","1","KEYDSP_DOWN","KEYDSP_DOWN","","","1","1","-1"
"global","","","","","","","","","1","","","","","33554496","1","KEYDSP_DOWN_STOP","KEYDSP_DOWN_STOP","","","1","1","-1"
"global","","","","","","","","","1","","","","","33554496","1","KEYDSP_DOWN_PLAY","KEYDSP_DOWN_PLAY","","","1","1","-1"
"global","","","","","","","","","1","","","","","33554496","1","KEYDSP_END","KEYDSP_END","","","1","1","-1"
"global","","","","","","","","","1","","","","","33554496","1","SENTENCE_PAUSE_ENABLE","SENTENCE_PAUSE_ENABLE","","","1","1","-1"
"global","","","","","","","","","1","","","","","33554496","1","SENTENCE_PAUSE_DISABLE","SENTENCE_PAUSE_DISABLE","","","1","1","-1"
"global","","","","","","","","","1","","","","","33554496","1","SENTENCE_MUTE_ENABLE","SENTENCE_MUTE_ENABLE","","","1","1","-1"
"global","","","","","","","","","1","","","","","33554496","1","SENTENCE_MUTE_DISABLE","SENTENCE_MUTE_DISABLE","","","1","1","-1"
"global","","","","","","","","","1","","","","","33554496","1","SENTENCE_START","SENTENCE_START","","","1","1","-1"
"global","","","","","","","","","1","","","","","33554496","1","SENTENCE_FLOW","SENTENCE_FLOW","","","1","1","-1"
"global","","","","","","","","","1","","","","","33554496","1","SENTENCE_TAB","SENTENCE_TAB","","","1","1","-1"
"global","","","","","","","","","1","","","","","33554496","1","SENTENCE_NEXT","SENTENCE_NEXT","","","1","1","-1"
"global","","","","","","","","","1","","","","","33554496","1","SENTENCE_LAST","SENTENCE_LAST","","","1","1","-1"
"global","","","","","","","","","1","","","","","33554496","1","SENTENCE_EXIT","SENTENCE_EXIT","","","1","1","-1"
"global","","","","","","","","","1","","","","","33554496","1","SENTENCE_INIT","SENTENCE_INIT","","","1","1","-1"
"global","","","","","","","","","1","","","","","33554496","1","SENTENCE_PROGRAM","SENTENCE_PROGRAM","","","1","1","-1"
"global","","","","","","","","","1","","","","","33554496","1","SENTENCE_PROGRAM_ING","SENTENCE_PROGRAM_ING","","","1","1","-1"
"global","","","","","","","","","1","","","","","33554496","1","PLAY_ROMDATA","PLAY_ROMDATA","","","1","1","-1"
"global","","","","","","","","","1","","","","","33554496","1","PLAY_SPIDATA","PLAY_SPIDATA","","","1","1","-1"
"global","","","","","","","","","1","","","","","33554496","1","SENTENCE_PROGRAM_LOOP","SENTENCE_PROGRAM_LOOP","","","1","1","-1"
"global","","","","","","","","","1","","","","","33554496","1","SENTENCE_PROGRAM_LOOPEND","SENTENCE_PROGRAM_LOOPEND","","","1","1","-1"
"global","","","","","","","","","1","","","","","33554496","1","SENTENCE_PROGRAM_DELAY","SENTENCE_PROGRAM_DELAY","","","1","1","-1"
"global","","","","","","","","","1","","","","","33554496","1","SENTENCE_PROGRAM_PTINC","SENTENCE_PROGRAM_PTINC","","","1","1","-1"
"global","","","","","","","","","1","","","","","33554496","1","SENTENCE_PROGRAM_NEXT","SENTENCE_PROGRAM_NEXT","","","1","1","-1"
"global","","","","","","","","","1","","","","","33554496","1","SENTENCE_STOP","SENTENCE_STOP","","","1","1","-1"
"global","","","","","","","","","1","","","","","33554496","1","SENTENCE_DATA","SENTENCE_DATA","","","1","1","-1"
"global","","","","","","","","","1","","","","","33554496","1","SENTENCE_ROM_DATA","SENTENCE_ROM_DATA","","","1","1","-1"
"global","","","","","","","","","1","","","","","33554496","1","SENTENCE_ROM_DATA_ERROR","SENTENCE_ROM_DATA_ERROR","","","1","1","-1"
"global","","","","","","","","","1","","","","","33554496","1","SENTENCE_ROM_DATA_OK","SENTENCE_ROM_DATA_OK","","","1","1","-1"
"global","","","","","","","","","1","","","","","33554496","1","SPIORROM_INIT","SPIORROM_INIT","","","1","1","-1"
"global","","","","","","","","","1","","","","","33554496","1","ROM_INIT","ROM_INIT","","","1","1","-1"
"global","","","","","","","","","1","","","","","33554496","1","ROM_INIT_ERROR","ROM_INIT_ERROR","","","1","1","-1"
"global","","","","","","","","","1","","","","","33554496","1","ROM_INITEND","ROM_INITEND","","","1","1","-1"
"global","","","","","","","","","1","","","","","33554496","1","DATA_FUNCTIONROM","DATA_FUNCTIONROM","","","1","1","-1"
"global","","","","","","","","","1","","","","","33554496","1","DATA_FUNCTIONROM_ERROR","DATA_FUNCTIONROM_ERROR","","","1","1","-1"
"global","","","","","","","","","1","","","","","33554496","1","SPI_OPEN","SPI_OPEN","","","1","1","-1"
"global","","","","","","","","","1","","","","","33554496","1","SPI_CLOSE","SPI_CLOSE","","","1","1","-1"
"global","","","","","","","","","1","","","","","33554496","1","SPI_WRITE_BYTE","SPI_WRITE_BYTE","","","1","1","-1"
"global","","","","","","","","","1","","","","","33554496","1","SPI_WRITE_WORD","SPI_WRITE_WORD","","","1","1","-1"
"global","","","","","","","","","1","","","","","33554496","1","SPI_READ_BYTE","SPI_READ_BYTE","","","1","1","-1"
"global","","","","","","","","","1","","","","","33554496","1","SPI_READ_WORD","SPI_READ_WORD","","","1","1","-1"
"global","","","","","","","","","1","","","","","33554496","1","SPI_WAIT_OK","SPI_WAIT_OK","","","1","1","-1"
"global","","","","","","","","","1","","","","","33554496","1","FLASHREAD_STATUS","FLASHREAD_STATUS","","","1","1","-1"
"global","","","","","","","","","1","","","","","33554496","1","FLASHBUSY_WAIT","FLASHBUSY_WAIT","","","1","1","-1"
"global","","","","","","","","","1","","","","","33554496","1","PROTECTION_NO","PROTECTION_NO","","","1","1","-1"
"global","","","","","","","","","1","","","","","33554496","1","DEEP_POWERDOWN","DEEP_POWERDOWN","","","1","1","-1"
"global","","","","","","","","","1","","","","","33554496","1","REL_POWERDOWN","REL_POWERDOWN","","","1","1","-1"
"global","","","","","","","","","1","","","","","33554496","1","FLASHDEEP_POWERDOWN","FLASHDEEP_POWERDOWN","","","1","1","-1"
"global","","","","","","","","","1","","","","","33554496","1","FLASHREL_POWERDOWN","FLASHREL_POWERDOWN","","","1","1","-1"
"global","","","","","","","","","1","","","","","33554496","1","READ_LOADADDR","READ_LOADADDR","","","1","1","-1"
"global","","","","","","","","","1","","","","","33554496","1","FLASHREAD_LOADADDR","FLASHREAD_LOADADDR","","","1","1","-1"
"global","","","","","","","","","1","","","","","33554496","1","FLASHREAD_PROGRAM","FLASHREAD_PROGRAM","","","1","1","-1"
"global","","","","","","","","","1","","","","","33554496","1","FLASHREAD_PROGRAM_START","FLASHREAD_PROGRAM_START","","","1","1","-1"
"global","","","","","","","","","1","","","","","33554496","1","FLASHREAD_WORDDATA","FLASHREAD_WORDDATA","","","1","1","-1"
"global","","","","","","","","","1","","","","","33554496","1","FLASHREAD_BYTEDATA","FLASHREAD_BYTEDATA","","","1","1","-1"
"global","","","","","","","","","1","","","","","33554496","1","COPY_TO_SRAM_STARTADDR","COPY_TO_SRAM_STARTADDR","","","1","1","-1"
"global","","","","","","","","","1","","","","","33554496","1","TOUCH_INT","TOUCH_INT","","","1","1","-1"
"global","","","","","","","","","1","","","","","33554496","1","PEORPP_INT","PEORPP_INT","","","1","1","-1"
"global","","","","","","","","","1","","","","","33554496","1","RTC_INT","RTC_INT","","","1","1","-1"
"global","","","","","","","","","1","","","","","33554496","1","TIMER2_INT","TIMER2_INT","","","1","1","-1"
"global","","","","","","","","","1","","","","","33554496","1","TIMER1_INT","TIMER1_INT","","","1","1","-1"
"global","","","","","","","","","1","","","","","33554496","1","AUDIOPWM_INT","AUDIOPWM_INT","","","1","1","-1"
"global","","","","","","","","","1","","","","","33554496","1","AUDIOPWM_PLAY","AUDIOPWM_PLAY","","","1","1","-1"
"global","","","","","","","","","1","","","","","33554496","1","AUDIOPWM_INT_TIME","AUDIOPWM_INT_TIME","","","1","1","-1"
"global","","","","","","","","","1","","","","","33554496","1","SENTENCE_TIME_END","SENTENCE_TIME_END","","","1","1","-1"
"global","","","","","","","","","1","","","","","33554496","1","AUDIOPWM_INT_EXIT","AUDIOPWM_INT_EXIT","","","1","1","-1"
"global","","","","","","","","","1","","","","","33554496","1","PLAY_RAMPUPDOWN","PLAY_RAMPUPDOWN","","","1","1","-1"
"global","","","","","","","","","1","","","","","33554496","1","PLAY_RAMPUPDOWN_DOWN","PLAY_RAMPUPDOWN_DOWN","","","1","1","-1"
"global","","","","","","","","","1","","","","","33554496","1","PLAY_RAMPUPDOWN_UP","PLAY_RAMPUPDOWN_UP","","","1","1","-1"
"global","","","","","","","","","1","","","","","33554496","1","PLAY_RAMPUPDOWN_EXIT","PLAY_RAMPUPDOWN_EXIT","","","1","1","-1"
"global","","","","","","","","","1","","","","","33554496","1","PE_SECTOR","PE_SECTOR","","","1","1","-1"
"global","","","","","","","","","1","","","","","33554496","1","PP_WORD","PP_WORD","","","1","1","-1"
"global","","","","","","","","","1","","","","","33554496","1","WAIT_READY","WAIT_READY","","","1","1","-1"
"global","","","","","","","","","1","","","","","33554496","1","COPY_TO_SRAM_ENDADDR","COPY_TO_SRAM_ENDADDR","","","1","1","-1"
"global","","","","","","","","","1","","","","","33554496","1","SBB3PLAY_START","SBB3PLAY_START","","","1","1","-1"
"global","","","","","","","","","1","","","","","33554496","1","SBB3PLAY_STARTLP","SBB3PLAY_STARTLP","","","1","1","-1"
"global","","","","","","","","","1","","","","","33554496","1","SBB3PLAY_START_ING","SBB3PLAY_START_ING","","","1","1","-1"
"global","","","","","","","","","1","","","","","33554496","1","SBB3PLAY_TASK","SBB3PLAY_TASK","","","1","1","-1"
"global","","","","","","","","","1","","","","","33554496","1","SBB3PLAY_STEP","SBB3PLAY_STEP","","","1","1","-1"
"global","","","","","","","","","1","","","","","33554496","1","SBB3PLAY_TAB","SBB3PLAY_TAB","","","1","1","-1"
"global","","","","","","","","","1","","","","","33554496","1","SBB3PLAY_NEXT","SBB3PLAY_NEXT","","","1","1","-1"
"global","","","","","","","","","1","","","","","33554496","1","SBB3PLAY_LAST","SBB3PLAY_LAST","","","1","1","-1"
"global","","","","","","","","","1","","","","","33554496","1","SBB3PLAY_EXIT","SBB3PLAY_EXIT","","","1","1","-1"
"global","","","","","","","","","1","","","","","33554496","1","SBB3PLAY_RAMPDOWN","SBB3PLAY_RAMPDOWN","","","1","1","-1"
"global","","","","","","","","","1","","","","","33554496","1","SBB3PLAY_RAMPDOWN_EXIT","SBB3PLAY_RAMPDOWN_EXIT","","","1","1","-1"
"global","","","","","","","","","1","","","","","33554496","1","SBB3PLAY_INIT","SBB3PLAY_INIT","","","1","1","-1"
"global","","","","","","","","","1","","","","","33554496","1","SBB3PLAY_PROGRAM","SBB3PLAY_PROGRAM","","","1","1","-1"
"global","","","","","","","","","1","","","","","33554496","1","SBB3PLAY_PROGRAM_NEXT","SBB3PLAY_PROGRAM_NEXT","","","1","1","-1"
"global","","","","","","","","","1","","","","","33554496","1","SBB3PLAY_PROGRAM_ING","SBB3PLAY_PROGRAM_ING","","","1","1","-1"
"global","","","","","","","","","1","","","","","33554496","1","SBB3PLAY_STOP","SBB3PLAY_STOP","","","1","1","-1"
"global","","","","","","","","","1","","","","","33554496","1","SBB3PLAY_STOP_EXIT","SBB3PLAY_STOP_EXIT","","","1","1","-1"
"global","","","","","","","","","1","","","","","33554496","1","SBB_CH0GETBTS","SBB_CH0GETBTS","","","1","1","-1"
"global","","","","","","","","","1","","","","","33554496","1","SBB_CH0GETBTS_ROM","SBB_CH0GETBTS_ROM","","","1","1","-1"
"global","","","","","","","","","1","","","","","33554496","1","SBB_CH0GETBTS_SPI","SBB_CH0GETBTS_SPI","","","1","1","-1"
"global","","","","","","","","","1","","","","","33554496","1","SBB3PLAY_CLR","SBB3PLAY_CLR","","","1","1","-1"
"global","","","","","","","","","1","","","","","33554496","1","SBB3PLAYFLASH_CLR","SBB3PLAYFLASH_CLR","","","1","1","-1"
"global","","","","","","","","","1","","","","","33554496","1","SBB3PLAY_CLR_LP","SBB3PLAY_CLR_LP","","","1","1","-1"
"global","","","","","","","","","1","","","","","33554496","1","SBB3PLAY_ADR","SBB3PLAY_ADR","","","1","1","-1"
"global","","","","","","","","","1","","","","","33554496","1","SBB3PLAY_INIT_ROM","SBB3PLAY_INIT_ROM","","","1","1","-1"
"global","","","","","","","","","1","","","","","33554496","1","SBB3PLAY_INIT_ROM_AGAIN","SBB3PLAY_INIT_ROM_AGAIN","","","1","1","-1"
"global","","","","","","","","","1","","","","","33554496","1","SBB3PLAY_INIT_SPI","SBB3PLAY_INIT_SPI","","","1","1","-1"
"global","","","","","","","","","1","","","","","33554496","1","SBB3PLAY_INIT_SPI_AGAIN","SBB3PLAY_INIT_SPI_AGAIN","","","1","1","-1"
"global","","","","","","","","","1","","","","","33554496","1","SBB3_READDATATOBUFFIRST","SBB3_READDATATOBUFFIRST","","","1","1","-1"
"global","","","","","","","","","1","","","","","33554496","1","SBB3_READDATATOBUF","SBB3_READDATATOBUF","","","1","1","-1"
"global","","","","","","","","","1","","","","","33554496","1","SBB3_READDATATOBUF_PRG","SBB3_READDATATOBUF_PRG","","","1","1","-1"
"global","","","","","","","","","1","","","","","33554496","1","SBB3_READDATATOBUF_END","SBB3_READDATATOBUF_END","","","1","1","-1"
"global","","","","","","","","","1","","","","","33554496","1","SBB3PLAY_DECODE","SBB3PLAY_DECODE","","","1","1","-1"
"global","","","","","","","","","1","","","","","33554496","1","SBB3PLAY_DECODE_ROM","SBB3PLAY_DECODE_ROM","","","1","1","-1"
"global","","","","","","","","","1","","","","","33554496","1","SBB3PLAY_DECODE_ROM_NEXT","SBB3PLAY_DECODE_ROM_NEXT","","","1","1","-1"
"global","","","","","","","","","1","","","","","33554496","1","SBB3PLAY_DECODE_SPI","SBB3PLAY_DECODE_SPI","","","1","1","-1"
"global","","","","","","","","","1","","","","","33554496","1","SBB3PLAY_DECODE_SPI_NEXT","SBB3PLAY_DECODE_SPI_NEXT","","","1","1","-1"
"global","","","","","","","","","1","","","","","33554496","1","SBB3PLAY_DECODE_EXIT","SBB3PLAY_DECODE_EXIT","","","1","1","-1"
"global","","","","","","","","","1","","","","","33554496","1","SBB3PLAY_PWM","SBB3PLAY_PWM","","","1","1","-1"
"global","","","","","","","","","1","","","","","33554496","1","SBB3PLAY_PWM_MUTE","SBB3PLAY_PWM_MUTE","","","1","1","-1"
"global","","","","","","","","","1","","","","","33554496","1","SBB3PLAY_PWM_ING","SBB3PLAY_PWM_ING","","","1","1","-1"
"global","","","","","","","","","1","","","","","33554496","1","SBB3PLAY_PWM_RAMPUPDOWNEND","SBB3PLAY_PWM_RAMPUPDOWNEND","","","1","1","-1"
"global","","","","","","","","","1","","","","","33554496","1","SBB3PLAY_PWM_LP","SBB3PLAY_PWM_LP","","","1","1","-1"
"global","","","","","","","","","1","","","","","33554496","1","SBB3PLAY_PWM_OUT","SBB3PLAY_PWM_OUT","","","1","1","-1"
"global","","","","","","","","","1","","","","","33554496","1","SBB3PLAY_PWM_EXIT","SBB3PLAY_PWM_EXIT","","","1","1","-1"
"global","","","","","","","","","1","","","","","33554496","1","SBB3_ADR_INIT","SBB3_ADR_INIT","","","1","1","-1"
"global","","","","","","","","","1","","","","","33554496","1","SBB3_ROMADR_INIT","SBB3_ROMADR_INIT","","","1","1","-1"
"global","","","","","","","","","1","","","","","33554496","1","SBB3_ROMADR_INIT_ERROR","SBB3_ROMADR_INIT_ERROR","","","1","1","-1"
"global","","","","","","","","","1","","","","","33554496","1","SBB3_ROMADR_INIT_OK","SBB3_ROMADR_INIT_OK","","","1","1","-1"
"global","","","","","","","","","1","","","","","33554496","1","SBB3_SPIADR_INIT","SBB3_SPIADR_INIT","","","1","1","-1"
"global","","","","","","","","","1","","","","","33554496","1","SBB3_ADR_SPI_INIT_ERROR","SBB3_ADR_SPI_INIT_ERROR","","","1","1","-1"
"global","","","","","","","","","1","","","","","33554496","1","SBB3_ADR_SPI_INIT_ING","SBB3_ADR_SPI_INIT_ING","","","1","1","-1"
"global","","","","","","","","","1","","","","","33554496","1","SBB3_CHZ0DECV01","SBB3_CHZ0DECV01","","","1","1","-1"
"global","","","","","","","","","1","","","","","33554496","1","SBB3_CH0DECV06","SBB3_CH0DECV06","","","1","1","-1"
"global","","","","","","","","","1","","","","","33554496","1","SBB3_CH0INITV06","SBB3_CH0INITV06","","","1","1","-1"
"global","","","","","","","","","1","","","","","33554496","1","BINTAB","BINTAB","","","1","1","-1"
"global","","","","","","","","","1","","","","","33554496","1","_SYSTEM_MAIN_PROGRAM_END_ADDRESS","_SYSTEM_MAIN_PROGRAM_END_ADDRESS","","","1","1","-1"
"global","","","","","","","","","1","","","","","33554496","1","_SYSTEM_MAIN_PROGRAM_END_ADDRESS","_SYSTEM_MAIN_PROGRAM_END_ADDRESS","","","1","1","-1"
